,p1_momentumisRand,p2_momentumisRand,p1_turning_pointsisRand,p2_turning_pointsisRand
count,31.0,31.0,31.0,31.0
mean,1.0,1.0,0.3870967741935484,0.25806451612903225
std,0.0,0.0,0.49513764785419084,0.4448027229745693
min,1.0,1.0,0.0,0.0
25%,1.0,1.0,0.0,0.0
50%,1.0,1.0,0.0,0.0
75%,1.0,1.0,1.0,0.5
max,1.0,1.0,1.0,1.0
